--
-- PostgreSQL database dump
--

-- Dumped from database version 17.5
-- Dumped by pg_dump version 17.0

SET statement_timeout = 0;
SET lock_timeout = 0;
SET idle_in_transaction_session_timeout = 0;
SET transaction_timeout = 0;
SET client_encoding = 'UTF8';
SET standard_conforming_strings = on;
SELECT pg_catalog.set_config('search_path', '', false);
SET check_function_bodies = false;
SET xmloption = content;
SET client_min_messages = warning;
SET row_security = off;

--
-- Data for Name: users; Type: TABLE DATA; Schema: public; Owner: neondb_owner
--

COPY public.users (user_id, username, password, email, phone, full_name, address, dob, role, is_active, created_at, updated_at) FROM stdin;
58598b82-d061-4083-9564-3a79b4320ad5	customer131131	$2a$10$INroDeoX0irBtGuJnc.WIOVYKIveREE8LIrDeWD.KMkZsQ/7Egsn.	finnnn@gmail.com	0912345655	Goofy	HCM City	2003-12-31	CUSTOMER	t	2025-06-26 06:34:38.348586	2025-06-26 06:34:38.348606
e3a46447-f2dd-4318-a789-813e0421ced0	0912345678	$2a$10$bUGlttf8gbQDz/24gfVmKuhbOvWjtC5Sg/b.kRj/owEXZ2TNeAACi	nta03@gmail.com	0912345678	Nguyễn Thiên An	HCMUS	2003-11-26	CUSTOMER	t	2025-06-02 15:55:14.69427	2025-06-02 15:55:14.69427
802cd3bf-e5fc-4667-b2f8-3fda8fa03089	customer567	$2a$10$CMi8WIjtSBlhYFuX9gQu.e2HzdmsWOwLcJeQLN9vF90d.zr52/uXy	lam12@gmail.com	0111111111	Suki	TPHCM	2003-01-01	CUSTOMER	t	2025-06-25 17:53:18.544572	2025-06-25 17:53:18.544592
d332b78b-dea2-4bd6-a7d1-242988600ea8	customer99	$2a$10$zB6VqBj6w8noiDqWY4E0pe5Bnbb1dNNM5eJ.am6lqKoAJjcoZzivi	anhkiet071@gmail.com	0909090909	Kiet Nguyen	HCMUS	2025-06-23	CUSTOMER	f	2025-06-23 13:54:55.957887	2025-06-25 04:14:04.556663
414ed58c-8af0-4f82-afae-5ca06f35669e	customer1212	$2a$10$yKRgTAq9agI9x6uD9GCH1ucqZIeSBWcuMYUvfnLiivw6584WzIL1O	anhkiet@gmail.com	0908081111	Hoang Anh	HCM	2003-11-11	CUSTOMER	t	2025-06-25 17:48:34.389843	2025-06-25 17:48:34.389864
97b6bcaa-acbb-4820-83b9-4754bc73a98d	customer2	$2a$10$saWR2jjO1L3l3g4Ei4FK3uYzvjhoYaqDbckbLYN1CYjJuLVC/eiWu	nguyenhungyen0000@gmail.com	0900000002	Trần Thị B	456 Đường B	1992-02-02	CUSTOMER	t	2025-05-23 02:20:08.135217	2025-05-23 02:20:08.135217
d24d8bc4-5608-4043-9df8-e70a5f75dc90	admin3	$2a$10$hLSG6Jgrgp1.jxzj7.LXzeUEe0NPNomLsKsieumnVHMluX.3wNfYi	a@gmail.com	0902000056	Admin Vinh 	HCM City	2003-01-01	ADMIN	t	2025-06-24 18:09:24.366121	2025-06-27 04:23:30.559477
e640fb04-3874-461c-a591-6d3e55582970	customer3	$2a$10$bUGlttf8gbQDz/24gfVmKuhbOvWjtC5Sg/b.kRj/owEXZ2TNeAACi	customer3@gmail.com	0000000001	Nguyễn Thị Minh	Dong Tam Street	2003-01-01	CUSTOMER	t	2025-06-13 05:25:19.920714	2025-06-13 05:25:19.920714
bee6106d-96b7-4c42-aaf5-02671a718a79	alex	$2a$10$zzZsqy68N3rxtpnwGznquu6jKLI06HXfOGboR.e7rSwYRXSt5w27K	alex@gmail.com	0908070605	Alex	NY	2003-06-26	CUSTOMER	t	2025-06-26 06:21:01.957984	2025-06-26 06:21:01.958004
b0745dbb-8287-4b3d-9afb-ca0de61ab24c	admin1	$2a$10$bUGlttf8gbQDz/24gfVmKuhbOvWjtC5Sg/b.kRj/owEXZ2TNeAACi	admin@example.com	0911735614	Lê Thị Kim Dung	321 Đường D, P4, TPHCM	2003-04-04	ADMIN	t	2025-05-23 02:20:08.135217	2025-06-23 09:32:44.130505
1bbbfbc5-2385-4bdd-b32e-7855f5f816f2	tranminhvuong	$2a$10$W5E55B6UIC/tc22IeAkILeqn/dSwsu97IguMFj3x65JmBIMqEQOs.	tranminhvuong@gmail.com	0908083848	Minh Vuong	HCM City	2003-12-31	CUSTOMER	t	2025-06-26 06:37:38.273881	2025-06-26 06:37:38.273901
1ac4c0f5-f2b3-47fc-8113-2db7197beb90	customer666	$2a$10$b9CHOEtWWASvZzYhQo19q.b6dZ/nHzeW5J4oHQATbOMnJnRLJhgqy	customer666@gmail.com	0912345675	An Hoang	1 Nguyễn Văn Cừ, TpHCM	2003-01-01	CUSTOMER	t	2025-06-25 07:05:10.044997	2025-06-25 07:07:47.303639
55ef5fb2-fa0f-4230-8639-809021096f28	vinhhhh	$2a$10$h4aW6vHwbLw1rS/WxMGU8erJz2SHZEDglTuPwNBmZj/dYZdHNJmQK	vinhtenbivn231@example.com	0958055155	Vinh Tran	HCM City	2002-01-23	CUSTOMER	t	2025-06-21 14:37:02.855409	2025-06-21 14:37:02.855444
6b807a32-04d5-4f12-b90f-170ed88d9ed4	customer222	$2a$10$PlZflkKZIu.43SrZc4KwneX8i.wMx/AhFxDCTPJ2JYnZBjXY0DUFq	takaka@gmail.com	0939482054	Mascara	HCM	2003-01-01	CUSTOMER	t	2025-06-26 06:37:09.757192	2025-06-26 06:37:09.757211
83fc8a63-2b4c-4f89-bf12-10f5b2d264d9	customer66666	$2a$10$T4plRboZjpmg3k.xxyqE1.tzDoiV0WTnCt3NrEwnBp0eeFjM6tNpW	takeji@gmail.com	0909098888	Leo An	HCM	2003-12-31	CUSTOMER	t	2025-06-26 06:18:06.853661	2025-06-26 06:18:06.853683
8cfe7ee3-818e-4056-b553-feefa9c09a2e	customer1122	$2a$10$ik/hYulqBvZqAj8Q0TcKLuZy9I8thZAmNdrV8x390zvADsaw4LNGi	aaaaaa@gmail.com	0908111111	Kiet Tran	HCM	2003-01-01	CUSTOMER	t	2025-06-25 17:49:30.568755	2025-06-25 17:49:30.568781
f04eb066-ceda-4728-99b0-bac22125c2f9	customer_aaaa	$2a$10$j2Zufn9DtBxLmJ0srPXuFecpKeJeWm0IK72PuEmB4cyG.CncAYjNi	abandc@gmail.com	0909090980	Angle Antony	LA	2003-01-31	CUSTOMER	t	2025-06-26 06:14:08.877028	2025-06-26 06:14:08.87705
cacbc60b-10a9-44d2-946b-4c30d3f38d2b	admin2	$2a$10$xv3nXxiSTfjZsM1qLjzYFevj99fYSWRx0qiBXvXqLBsdCIAixKBQW	admin2@example.com	0123000347	Admin Kiet	HCMUS	2005-06-22	ADMIN	t	2025-06-23 05:04:54.020909	2025-06-27 04:23:51.151114
92edbffe-d9da-44e4-873b-43843306aed4	customer1	$2a$10$bUGlttf8gbQDz/24gfVmKuhbOvWjtC5Sg/b.kRj/owEXZ2TNeAACi	nguyenthienan261103@gmail.com	0900000001	Nguyễn Văn A	123 Đường A	1990-01-01	CUSTOMER	t	2025-05-23 02:20:08.135217	2025-05-23 02:20:08.135217
777a845b-82de-4611-abc6-7ab71bb2497c	vinh231	$2a$10$H.sljE3Nz3Pj7nbUkHyxqeb.WS4hN9qLcz/NYFVYJ.UG6LfpJaa2K	vinh231999@gmail.com	0326383523	Nguyen Jason	HCM	2002-01-23	CUSTOMER	t	2025-06-21 11:54:40.267239	2025-06-27 07:35:58.25822
992a9b3a-6e26-468d-b682-5a5b29fadc2b	anhkiet7103	$2a$10$mxCFVM12EC0ZSuKNbKqfBe.cuYsJCzOWZoIAiIwsBRQ/ZG54l9WPG	anhkiet7103@gmail.com	0983759832	Anh Kiet	HCM City	2003-01-01	CUSTOMER	t	2025-06-26 12:12:25.974369	2025-06-26 12:12:25.974402
46ce13c4-8943-4486-a52d-189ee9f6b347	admin2	$2a$10$TgPpPVJEmkGtuwMn0G9izO6nQXF0ivoTdjUmaHkeNP19BfDiIR5XS	fintech.hub.hcmus2025@gmail.com	0900000005	Nguyễn Băng	HCMUS	1997-06-01	ADMIN	t	2025-06-21 05:43:28.868888	2025-06-23 08:55:33.374718
28c9133a-988d-43a5-8269-385fefe79599	customer123321	$2a$10$wWRSXfr8o6b1ROUC9brNJ.A/uOjNhGLglkE23YN0X9uN1DrZtRaGC	abc@gmail.com	0909090911	Lam Nguyen	HCM	2003-12-31	CUSTOMER	t	2025-06-26 06:16:59.794194	2025-06-26 06:16:59.794215
4ce0289a-bcad-45f2-b107-d961021dd864	customer6969	$2a$10$6fVh27kX86nIU65XD04jX.qv2n2qcAS.LQV84.RCBUD2qPVQZMfz6	anhkiet0701111@gmail.com	0908011111	Trần Anh Kiệt	TPHCM	2003-01-01	CUSTOMER	t	2025-06-25 17:39:21.466757	2025-06-25 17:39:21.466783
e2e57870-6c37-488b-8de6-028cf575e53b	customer	$2a$10$RSvn1yQn3WLMvwGw6fYhFeCCDikRYH2ckLrLug7SW8oTYqrldOZCC	nguynthinan@outlook.com	0902393503	Nguyễn Thiên An	Bờ Bao Tân Thắng	2003-06-27	CUSTOMER	t	2025-06-27 08:27:54.939944	2025-06-27 08:27:54.939956
f72ec98d-b648-44f1-8f58-6b906cc4e2bf	customer100	$2a$10$Ty58HfaCFn818uxkiZ3cfO88xzOUeiqCldgh/S4EbpgTDR4HEpx4y	ng@outlook.com	0902393504	21120192 - Nguyễn Thiên An	Bờ Bao Tân Thắng	2003-06-27	CUSTOMER	t	2025-06-27 08:32:46.359642	2025-06-27 08:32:46.359652
9955acf0-5f12-4fb9-b555-99522c831d89	employee6	$2a$10$mepTAm7sQCfwz/WmTFYvYOH9PTxkpGeEkFPkevK4YzVHoeKHBtmB2	employee6@gmail.com	0908588555	Employee Nam	TPHCM	2003-01-30	EMPLOYEE	t	2025-06-27 04:39:38.444669	2025-06-27 05:11:02.567579
e4d83490-9b85-4c3a-a543-65bfadedf6af	employee1	$2a$10$bUGlttf8gbQDz/24gfVmKuhbOvWjtC5Sg/b.kRj/owEXZ2TNeAACi	employee1@example.com	0900000003	Phạm Văn Cung	789 Đường C	1985-03-03	EMPLOYEE	t	2025-05-23 02:20:08.135217	2025-06-27 05:17:07.954527
\.


--
-- Data for Name: accounts; Type: TABLE DATA; Schema: public; Owner: neondb_owner
--

COPY public.accounts (account_id, account_number, balance, user_id, account_type, is_active, created_at, updated_at) FROM stdin;
e68111cd-967f-4eac-85db-fa1fc0749b5c	9704097295772	10000000	e4d83490-9b85-4c3a-a543-65bfadedf6af	PAYMENT	t	2025-05-23 02:20:08.135217	2025-05-23 02:20:08.135217
ffbd86f8-7940-4bdd-a56b-e3498dd6ac51	9704942820407	10000000	b0745dbb-8287-4b3d-9afb-ca0de61ab24c	PAYMENT	t	2025-05-23 02:20:08.135217	2025-05-23 02:20:08.135217
33ae0ebf-1054-46e1-872a-47cbaeb41ac6	5873110074759903	446240950	777a845b-82de-4611-abc6-7ab71bb2497c	PAYMENT	t	2025-06-21 11:54:40.267239	2025-06-21 11:54:40.267271
1b18a28e-9913-41e6-8689-90decd0ace8d	5873169595999008	4900000	e2e57870-6c37-488b-8de6-028cf575e53b	PAYMENT	t	2025-06-27 08:27:54.939944	2025-06-27 08:27:54.939956
100497b1-0ac2-4ef1-9c5c-9a6b8e4b390b	5873329803881428	3701	28c9133a-988d-43a5-8269-385fefe79599	PAYMENT	t	2025-06-26 06:16:59.794194	2025-06-26 06:16:59.794215
ebf3d7e7-0c55-46c0-a218-127497316923	5873119861538703	655000	f04eb066-ceda-4728-99b0-bac22125c2f9	PAYMENT	t	2025-06-26 06:14:08.877028	2025-06-26 06:14:08.87705
6a7dc6c5-c9b4-4ade-bac8-1d35b9d9639b	5873217884834528	100011	992a9b3a-6e26-468d-b682-5a5b29fadc2b	PAYMENT	t	2025-06-26 12:12:25.974369	2025-06-26 12:12:25.974402
4890e982-394c-486e-8d01-aa6006eaa147	5873542976274372	50000	802cd3bf-e5fc-4667-b2f8-3fda8fa03089	PAYMENT	t	2025-06-25 17:53:18.544572	2025-06-25 17:53:18.544592
32f4a52e-e436-4c31-8995-e2d94b128bba	5873297078527526	5000000	1ac4c0f5-f2b3-47fc-8113-2db7197beb90	PAYMENT	t	2025-06-25 07:05:10.044997	2025-06-25 07:05:10.044997
516d72dd-7f9b-4446-979e-83f863912509	5873243982140714	1000	1bbbfbc5-2385-4bdd-b32e-7855f5f816f2	PAYMENT	t	2025-06-26 06:37:38.273881	2025-06-26 06:37:38.273901
aedc8bbe-1e60-4d95-8b54-186d8a36a212	5873315376153424	5000	8cfe7ee3-818e-4056-b553-feefa9c09a2e	PAYMENT	t	2025-06-25 17:49:30.568755	2025-06-25 17:49:30.568781
6e994058-ae1d-4a54-9fac-1b228d35d71f	5873296080496634	5000	6b807a32-04d5-4f12-b90f-170ed88d9ed4	PAYMENT	t	2025-06-26 06:37:09.757192	2025-06-26 06:37:09.757211
b0e110cf-f622-44ff-8a71-dcbd952ac8ce	5873328302746099	5000	58598b82-d061-4083-9564-3a79b4320ad5	PAYMENT	t	2025-06-26 06:34:38.348586	2025-06-26 06:34:38.348606
cd9d487a-d4cb-467b-b1c0-bed87ab178f8	5873176036289475	50000	d332b78b-dea2-4bd6-a7d1-242988600ea8	PAYMENT	t	2025-06-23 13:54:55.957887	2025-06-23 13:54:55.957921
d02a4a00-8acd-4aaa-8909-a06c6fc0315b	5873188318409496	10000	bee6106d-96b7-4c42-aaf5-02671a718a79	PAYMENT	t	2025-06-26 06:21:01.957984	2025-06-26 06:21:01.958004
d2e29a74-c8c0-46e1-8d56-308a8901d3e2	5873335207852270	60000	4ce0289a-bcad-45f2-b107-d961021dd864	PAYMENT	t	2025-06-25 17:39:21.466757	2025-06-25 17:39:21.466783
d5eb151d-a2d9-42d7-bb82-61a1194f3462	5873230262475347	70000	83fc8a63-2b4c-4f89-bf12-10f5b2d264d9	PAYMENT	t	2025-06-26 06:18:06.853661	2025-06-26 06:18:06.853683
f80f52a1-b2ae-4bea-afc8-ced91a4dee80	5873116087286212	0	414ed58c-8af0-4f82-afae-5ca06f35669e	PAYMENT	t	2025-06-25 17:48:34.389843	2025-06-25 17:48:34.389864
da31bf45-9abe-437d-88e5-2f4229df5705	5873244531884664	80000	55ef5fb2-fa0f-4230-8639-809021096f28	PAYMENT	t	2025-06-21 14:37:02.855409	2025-06-21 14:37:02.855444
da608047-0df2-4af5-bc03-329cdcf46ea7	5873906278933357	1240000	e640fb04-3874-461c-a591-6d3e55582970	PAYMENT	t	2025-06-13 05:25:19.920714	2025-06-13 05:25:19.920714
bf888c04-ab19-46d2-8e8a-aacdeeeac42a	5873160242223846	1211000	e3a46447-f2dd-4318-a789-813e0421ced0	PAYMENT	t	2025-06-02 15:55:14.69427	2025-06-02 15:55:14.69427
416b19a0-253b-4171-afd2-5f9dfd8362cd	9704390632656	12758000	92edbffe-d9da-44e4-873b-43843306aed4	PAYMENT	t	2025-05-23 02:20:08.135217	2025-05-23 02:20:08.135217
fdce5ee8-2765-4580-8e19-78fcf19c8c0e	9704214212222	7898050.600000001	97b6bcaa-acbb-4820-83b9-4754bc73a98d	PAYMENT	t	2025-05-23 02:20:08.135217	2025-05-23 02:20:08.135217
52de3ceb-720e-4ac2-9cf5-0c9929f4c100	5873710702822505	0	f72ec98d-b648-44f1-8f58-6b906cc4e2bf	PAYMENT	t	2025-06-27 08:32:46.359642	2025-06-27 08:32:46.359652
\.


--
-- Data for Name: banks; Type: TABLE DATA; Schema: public; Owner: neondb_owner
--

COPY public.banks (bank_id, bank_code, bank_name, public_key, api_endpoint, security_type, secret_key, is_active, created_at, updated_at) FROM stdin;
a3447ac2-b51d-4c47-b178-06b2f1a77160	SCB	Banking HCMUS G1	MIGfMA0GCSqGSIb3DQEBAQUAA4GNADCBiQKBgQCgetSh5vpIq6nrQNZ2Y7k9VyZze9lfLr3CIKrkyaXHUseWpj2nmBa9Lf22gNZA2wXd0y+SXGg/Hk21JRHw40kwCFGBRpR5kRqdUfFy5HG+J2ch4tLb8h4wolNBmn84f1qrjGZ0TZNpxqFUoF/MjfSjiEWW0tAcwNItsy+XpMsLrwIDAQAB	https://internet-bankingr.onrender.com	RSA	nhom1_secret_key_hash	t	2025-06-14 13:33:36.109779	2025-06-14 13:33:36.109779
79f642f1-5130-4e00-bc71-ae92d5417294	FAK	Phantom HCMUS G0	MIGfMA0GCSqGSIb3DQEBAQUAA4GNADCBiQKBgQCsSXsIExLtlQS4D4pMLjvfOfg518u9zgePmB+cagHQEI1geTvmnwCrQtzethfXrm16qMRY8dyYCJu0FJqLMGdqOW27EsbHQf0OnKE8JS97S9R+J4YvVixtlGxnUfRdBtWuaQFU4ouuBaJF5ZIwaWCS7/eeIs+9AEju6QYj9UIjrwIDAQAB	https://internet-bankingr.onrender.com	RSA	fake_secret_key_hash	t	2025-06-23 19:42:23.792609	2025-06-23 19:42:23.792609
\.


--
-- Data for Name: transactions; Type: TABLE DATA; Schema: public; Owner: neondb_owner
--

COPY public.transactions (transaction_id, transaction_type, from_bank_id, from_account_id, from_account_number, to_bank_id, to_account_id, to_account_number, amount, fee, fee_type, status, message, created_at, updated_at) FROM stdin;
c33af7e7-4bf1-4699-b4d6-0c42408a0247	INTERNAL_TRANSFER	\N	416b19a0-253b-4171-afd2-5f9dfd8362cd	9704390632656	\N	ffbd86f8-7940-4bdd-a56b-e3498dd6ac51	9704942820407	100	10	SENDER	PENDING	First transfer	2025-06-08 08:11:59.505394	2025-06-08 08:11:59.505394
0947c13e-0c30-4693-9de6-87580e5b7827	INTERNAL_TRANSFER	\N	416b19a0-253b-4171-afd2-5f9dfd8362cd	9704390632656	\N	fdce5ee8-2765-4580-8e19-78fcf19c8c0e	9704214212222	100	10	SENDER	PENDING	First transfer	2025-06-08 11:17:34.598081	2025-06-08 11:17:34.598081
515ad90b-a009-40a0-b75d-5ae988720aec	INTERNAL_TRANSFER	\N	416b19a0-253b-4171-afd2-5f9dfd8362cd	9704390632656	\N	fdce5ee8-2765-4580-8e19-78fcf19c8c0e	9704214212222	100	10	SENDER	PENDING	First transfer	2025-06-08 11:25:45.446104	2025-06-08 11:25:45.446104
dcdc3a74-e0f5-40cb-b5d6-9ab91759fe65	INTERNAL_TRANSFER	\N	416b19a0-253b-4171-afd2-5f9dfd8362cd	9704390632656	\N	e68111cd-967f-4eac-85db-fa1fc0749b5c	9704097295772	10000	10	SENDER	PENDING	yooo	2025-06-11 14:32:24.175552	2025-06-11 14:32:24.175552
7b31b65e-5ed3-46aa-a27e-d89816b0d0a1	INTERNAL_TRANSFER	\N	bf888c04-ab19-46d2-8e8a-aacdeeeac42a	5873160242223846	\N	416b19a0-253b-4171-afd2-5f9dfd8362cd	9704390632656	10000	100	RECEIVER	PENDING	tra tien	2025-06-12 04:53:31.908719	2025-06-12 04:53:31.908719
0b511bcb-b586-49a4-abbe-b63c37758b63	INTERNAL_TRANSFER	\N	bf888c04-ab19-46d2-8e8a-aacdeeeac42a	5873160242223846	\N	416b19a0-253b-4171-afd2-5f9dfd8362cd	9704390632656	10000	100	RECEIVER	PENDING	tra tien	2025-06-12 05:45:19.551913	2025-06-12 05:45:19.551913
1c3155c8-4f97-40b8-98c0-d5530c8927ed	INTERNAL_TRANSFER	\N	bf888c04-ab19-46d2-8e8a-aacdeeeac42a	5873160242223846	\N	416b19a0-253b-4171-afd2-5f9dfd8362cd	9704390632656	10000	100	RECEIVER	PENDING	tra tien	2025-06-12 05:45:34.987516	2025-06-12 05:45:34.987516
f6789047-bdcb-4dc1-bd3d-bdc41a937122	INTERNAL_TRANSFER	\N	33ae0ebf-1054-46e1-872a-47cbaeb41ac6	5873110074759903	\N	416b19a0-253b-4171-afd2-5f9dfd8362cd	9704390632656	50000	0	SENDER	COMPLETED	ok	2025-06-27 03:21:08.44353	2025-06-27 03:21:08.44468
ce1a7072-85e2-4586-adc3-75b52887e415	INTERNAL_TRANSFER	\N	416b19a0-253b-4171-afd2-5f9dfd8362cd	9704390632656	\N	bf888c04-ab19-46d2-8e8a-aacdeeeac42a	5873160242223846	20000	0	SENDER	COMPLETED	tra tien	2025-06-27 03:47:35.406822	2025-06-27 03:47:35.413459
9a1e324e-bf0e-451c-85ee-1a479dc71e1f	INTERNAL_TRANSFER	\N	33ae0ebf-1054-46e1-872a-47cbaeb41ac6	5873110074759903	\N	416b19a0-253b-4171-afd2-5f9dfd8362cd	9704390632656	50000	0	SENDER	COMPLETED	ok	2025-06-27 03:56:14.060634	2025-06-27 03:56:14.060988
1d8bd005-5d5d-44f1-a218-98dfe7b79d6f	INTERNAL_TRANSFER	\N	416b19a0-253b-4171-afd2-5f9dfd8362cd	9704390632656	\N	bf888c04-ab19-46d2-8e8a-aacdeeeac42a	5873160242223846	20000	0	SENDER	COMPLETED	tra tien	2025-06-27 04:04:01.612491	2025-06-27 04:04:01.61866
52c3adca-73fa-41d6-8699-2de3ea0df3b1	INTERNAL_TRANSFER	\N	416b19a0-253b-4171-afd2-5f9dfd8362cd	9704390632656	\N	bf888c04-ab19-46d2-8e8a-aacdeeeac42a	5873160242223846	20000	0	SENDER	COMPLETED	tra tien	2025-06-27 04:20:05.221936	2025-06-27 04:20:05.228788
b16b8325-ae4c-4f81-943b-7c50ac58a2f9	INTERNAL_TRANSFER	\N	33ae0ebf-1054-46e1-872a-47cbaeb41ac6	5873110074759903	\N	416b19a0-253b-4171-afd2-5f9dfd8362cd	9704390632656	5000	0	SENDER	COMPLETED	ok	2025-06-27 04:30:29.3637	2025-06-27 04:30:29.364113
edd3063c-9854-46fd-a207-9e45a92ba9fe	INTERNAL_TRANSFER	\N	33ae0ebf-1054-46e1-872a-47cbaeb41ac6	5873110074759903	\N	416b19a0-253b-4171-afd2-5f9dfd8362cd	9704390632656	50000	0	SENDER	COMPLETED	okayy	2025-06-27 04:32:46.884273	2025-06-27 04:32:46.884546
3055f0ff-0d99-4754-9a0c-b0bf3af327f1	INTERBANK_TRANSFER	\N	416b19a0-253b-4171-afd2-5f9dfd8362cd	9704390632656	a3447ac2-b51d-4c47-b178-06b2f1a77160	\N	1000000000003	0.1	0	SENDER	COMPLETED	nhom 3 to nhom 1 	2025-06-27 07:18:54.314087	2025-06-27 07:18:54.314087
5ccd0e18-87a5-4c1a-ab82-943feedc6ee4	INTERBANK_TRANSFER	79f642f1-5130-4e00-bc71-ae92d5417294	\N	123456	\N	fdce5ee8-2765-4580-8e19-78fcf19c8c0e	9704214212222	0.2	0	SENDER	COMPLETED	nhom 3	2025-06-27 08:19:31.854602	2025-06-27 08:19:31.854602
3c5d7b2e-cb67-409f-936e-246873b6cb62	INTERNAL_TRANSFER	\N	33ae0ebf-1054-46e1-872a-47cbaeb41ac6	5873110074759903	\N	416b19a0-253b-4171-afd2-5f9dfd8362cd	9704390632656	5000	0	SENDER	CANCELLED	i paid	2025-06-23 17:26:29.078422	2025-06-23 17:26:29.16393
7ee82d8d-471b-48f2-9105-9246b940cc33	INTERBANK_TRANSFER	\N	fdce5ee8-2765-4580-8e19-78fcf19c8c0e	9704214212222	a3447ac2-b51d-4c47-b178-06b2f1a77160	\N	1000000000003	10000	0	SENDER	COMPLETED	nhom 3 to nhom 1	2025-06-23 16:14:21.789936	2025-06-23 16:14:21.789936
5fe72d97-0270-4ef1-9c86-981f7ffa4004	INTERNAL_TRANSFER	\N	33ae0ebf-1054-46e1-872a-47cbaeb41ac6	5873110074759903	\N	416b19a0-253b-4171-afd2-5f9dfd8362cd	9704390632656	500	0	SENDER	PENDING	yooo	2025-06-23 17:11:29.974693	2025-06-23 17:11:29.974693
9ca6fab4-abdd-43d6-bbb5-55e73ac27999	INTERNAL_TRANSFER	\N	33ae0ebf-1054-46e1-872a-47cbaeb41ac6	5873110074759903	\N	416b19a0-253b-4171-afd2-5f9dfd8362cd	9704390632656	5000	0	SENDER	PENDING	i paid	2025-06-23 17:19:01.02591	2025-06-23 17:19:01.02591
b0503d2b-d40e-4343-aa51-f458b9c3563f	INTERBANK_TRANSFER	\N	fdce5ee8-2765-4580-8e19-78fcf19c8c0e	9704214212222	a3447ac2-b51d-4c47-b178-06b2f1a77160	\N	1000000000003	50000	0	SENDER	PENDING	nhom 3 to nhom 1 	2025-06-23 11:10:41.691597	2025-06-23 11:10:41.691597
50a78d39-7e4a-4299-ad05-557338b7c6c3	INTERNAL_TRANSFER	\N	33ae0ebf-1054-46e1-872a-47cbaeb41ac6	5873110074759903	\N	fdce5ee8-2765-4580-8e19-78fcf19c8c0e	9704214212222	5000	0	SENDER	COMPLETED	HI	2025-06-23 17:43:00.530655	2025-06-23 17:43:00.686246
c19c0e3a-6464-4f5a-8d4f-929036995a56	INTERNAL_TRANSFER	\N	33ae0ebf-1054-46e1-872a-47cbaeb41ac6	5873110074759903	\N	416b19a0-253b-4171-afd2-5f9dfd8362cd	9704390632656	500000	0	SENDER	COMPLETED	go	2025-06-24 04:56:55.891523	2025-06-24 04:56:56.00698
a9ccc0d3-606f-4078-b9cf-6d4396daf330	INTERNAL_TRANSFER	\N	33ae0ebf-1054-46e1-872a-47cbaeb41ac6	5873110074759903	\N	fdce5ee8-2765-4580-8e19-78fcf19c8c0e	9704214212222	2999	0	SENDER	COMPLETED	go	2025-06-23 17:44:48.522184	2025-06-23 17:44:48.62353
02edf783-de95-43b4-9480-6b3bc546c19c	INTERBANK_TRANSFER	\N	fdce5ee8-2765-4580-8e19-78fcf19c8c0e	9704214212222	a3447ac2-b51d-4c47-b178-06b2f1a77160	\N	1000000000003	20000	0	SENDER	PENDING	nhom 3 to nhom 1 	2025-06-23 13:55:36.035476	2025-06-23 13:55:36.035476
622b0188-4960-46e0-b1c5-882804ea7c3b	INTERBANK_TRANSFER	\N	fdce5ee8-2765-4580-8e19-78fcf19c8c0e	9704214212222	a3447ac2-b51d-4c47-b178-06b2f1a77160	\N	1000000000003	5000	0	SENDER	PENDING	nhom 3 to nhom 1 	2025-06-23 11:09:52.784497	2025-06-23 11:09:52.784497
940aeee8-3c93-4ecf-a896-b1d103895235	INTERBANK_TRANSFER	79f642f1-5130-4e00-bc71-ae92d5417294	\N	123456	\N	fdce5ee8-2765-4580-8e19-78fcf19c8c0e	9704214212222	50000	0	SENDER	COMPLETED	nhom 3	2025-06-24 16:13:16.84988	2025-06-24 16:13:16.84988
2a53d348-f8e2-497c-bac9-70d13a245c06	INTERBANK_TRANSFER	79f642f1-5130-4e00-bc71-ae92d5417294	\N	123456	\N	fdce5ee8-2765-4580-8e19-78fcf19c8c0e	9704214212222	20000	0	SENDER	COMPLETED	nhom 3	2025-06-23 20:50:20.517804	2025-06-23 20:50:20.517804
441847bf-2588-495b-8567-1a91e58e070e	INTERBANK_TRANSFER	79f642f1-5130-4e00-bc71-ae92d5417294	\N	123456	\N	fdce5ee8-2765-4580-8e19-78fcf19c8c0e	9704214212222	30000	0	SENDER	COMPLETED	nhom 3	2025-06-23 20:50:03.930719	2025-06-23 20:50:03.930719
9c085162-0414-44a3-88f6-1632a374829b	INTERNAL_TRANSFER	\N	416b19a0-253b-4171-afd2-5f9dfd8362cd	9704390632656	\N	e68111cd-967f-4eac-85db-fa1fc0749b5c	9704097295772	100	10	SENDER	COMPLETED	go	2025-06-22 11:11:48.826039	2025-06-22 11:11:48.826039
e56970b0-b687-48f7-a2dd-9fc9b4038f76	INTERNAL_TRANSFER	\N	33ae0ebf-1054-46e1-872a-47cbaeb41ac6	5873110074759903	\N	fdce5ee8-2765-4580-8e19-78fcf19c8c0e	9704214212222	200	0	RECEIVER	COMPLETED	g0000	2025-06-23 17:53:55.782467	2025-06-23 17:53:55.879006
65b796f7-57c8-4b85-acaf-7c8a93193c43	INTERNAL_TRANSFER	\N	fdce5ee8-2765-4580-8e19-78fcf19c8c0e	9704214212222	\N	416b19a0-253b-4171-afd2-5f9dfd8362cd	9704390632656	100000	10	SENDER	PENDING	Trần thị B (Customer 2) chuyển khoản 	2025-06-22 08:03:49.572827	2025-06-22 08:03:49.572827
3997752c-bce0-4cc7-8687-3e8ed0da6b74	INTERNAL_TRANSFER	\N	33ae0ebf-1054-46e1-872a-47cbaeb41ac6	5873110074759903	\N	fdce5ee8-2765-4580-8e19-78fcf19c8c0e	9704214212222	600	0	SENDER	COMPLETED	go	2025-06-24 04:26:09.237659	2025-06-24 04:26:09.429735
dd2e5dcf-bc3d-4e60-8091-73c832129d60	INTERNAL_TRANSFER	\N	33ae0ebf-1054-46e1-872a-47cbaeb41ac6	5873110074759903	\N	fdce5ee8-2765-4580-8e19-78fcf19c8c0e	9704214212222	3000	0	SENDER	COMPLETED	gooooo	2025-06-23 17:52:03.743356	2025-06-23 17:52:03.852039
b6ebf049-2875-4b5b-9acf-de34330034e1	INTERBANK_TRANSFER	\N	fdce5ee8-2765-4580-8e19-78fcf19c8c0e	9704214212222	a3447ac2-b51d-4c47-b178-06b2f1a77160	\N	1000000000003	100	0	SENDER	COMPLETED	nhom 3 to nhom 1	2025-06-23 16:11:29.965711	2025-06-23 16:11:29.965711
68d544ab-5e2e-4756-8f87-97d2d74c5be0	INTERBANK_TRANSFER	\N	fdce5ee8-2765-4580-8e19-78fcf19c8c0e	9704214212222	a3447ac2-b51d-4c47-b178-06b2f1a77160	\N	1000000000003	1000	0	SENDER	PENDING	nhom 3 to nhom 1	2025-06-23 15:11:49.50425	2025-06-23 15:11:49.50425
9f9f2a40-85c5-4434-ad52-405dbc3ed7c0	DEPOSIT	\N	\N	\N	\N	da608047-0df2-4af5-bc03-329cdcf46ea7	5873906278933357	10000	0	SENDER	COMPLETED	EMPLOYEE INTERNAL DEPOSIT	2025-06-26 13:41:37.836279	2025-06-26 13:41:37.857266
421db05d-90dc-480d-b3be-d907098a6ee3	INTERNAL_TRANSFER	\N	fdce5ee8-2765-4580-8e19-78fcf19c8c0e	9704214212222	\N	416b19a0-253b-4171-afd2-5f9dfd8362cd	9704390632656	505000	0	SENDER	COMPLETED	Tra tien	2025-06-25 07:17:58.279461	2025-06-25 07:17:58.388903
9e65648e-76c8-487e-a827-892dbf165ab5	INTERNAL_TRANSFER	\N	416b19a0-253b-4171-afd2-5f9dfd8362cd	9704390632656	\N	bf888c04-ab19-46d2-8e8a-aacdeeeac42a	5873160242223846	20000	0	SENDER	COMPLETED	tra tien	2025-06-27 03:45:03.229054	2025-06-27 03:45:03.327019
0b858a6f-8bbc-4b25-a93b-42d96339258c	INTERBANK_TRANSFER	a3447ac2-b51d-4c47-b178-06b2f1a77160	\N	ACC7A0C68BADB	\N	da608047-0df2-4af5-bc03-329cdcf46ea7	5873906278933357	100000	0	SENDER	COMPLETED	hi	2025-06-25 09:16:43.417089	2025-06-25 09:16:43.417089
943b211e-da55-412a-9d19-09e8b17523d8	INTERBANK_TRANSFER	a3447ac2-b51d-4c47-b178-06b2f1a77160	\N	ACC7A0C68BADB	\N	da608047-0df2-4af5-bc03-329cdcf46ea7	5873906278933357	10000	0	SENDER	COMPLETED	hi	2025-06-25 09:18:54.871776	2025-06-25 09:18:54.871776
745eb2b8-0b57-4ac6-8831-2eefbd891192	INTERBANK_TRANSFER	a3447ac2-b51d-4c47-b178-06b2f1a77160	\N	ACC7A0C68BADB	\N	da608047-0df2-4af5-bc03-329cdcf46ea7	5873906278933357	10000	0	SENDER	COMPLETED	hi	2025-06-25 10:52:06.445653	2025-06-25 10:52:06.445653
c466eda6-4e4e-49e4-87e8-46889e226955	INTERBANK_TRANSFER	a3447ac2-b51d-4c47-b178-06b2f1a77160	\N	ACC7A0C68BADB	\N	da608047-0df2-4af5-bc03-329cdcf46ea7	5873906278933357	100000	0	SENDER	COMPLETED	Nhom 1 to nhom 3	2025-06-25 12:27:47.664549	2025-06-25 12:27:47.664549
78d1cdb1-8b07-4a6a-ae4a-ac3e7fe4b376	INTERBANK_TRANSFER	a3447ac2-b51d-4c47-b178-06b2f1a77160	\N	ACC7A0C68BADB	\N	da608047-0df2-4af5-bc03-329cdcf46ea7	5873906278933357	10000	0	SENDER	COMPLETED	Hi	2025-06-25 12:30:01.49325	2025-06-25 12:30:01.49325
aaefdb47-cab9-4829-8190-320a8a9c685b	INTERNAL_TRANSFER	\N	416b19a0-253b-4171-afd2-5f9dfd8362cd	9704390632656	\N	bf888c04-ab19-46d2-8e8a-aacdeeeac42a	5873160242223846	20000	0	SENDER	COMPLETED	tra tien	2025-06-27 03:49:16.251663	2025-06-27 03:49:16.262025
e6900584-9dc0-46f1-9672-07e233e52940	INTERNAL_TRANSFER	\N	416b19a0-253b-4171-afd2-5f9dfd8362cd	9704390632656	\N	bf888c04-ab19-46d2-8e8a-aacdeeeac42a	5873160242223846	20000	0	SENDER	COMPLETED	tra tien	2025-06-27 03:52:17.534849	2025-06-27 03:52:19.220468
2ec9a986-9ed2-4d35-82f2-52f0dc1b7d7d	INTERNAL_TRANSFER	\N	33ae0ebf-1054-46e1-872a-47cbaeb41ac6	5873110074759903	\N	416b19a0-253b-4171-afd2-5f9dfd8362cd	9704390632656	50000	0	SENDER	COMPLETED	ok	2025-06-27 03:53:47.930139	2025-06-27 03:53:47.930421
949ca588-78c9-4da9-9375-0af1a2e131c7	INTERNAL_TRANSFER	\N	416b19a0-253b-4171-afd2-5f9dfd8362cd	9704390632656	\N	bf888c04-ab19-46d2-8e8a-aacdeeeac42a	5873160242223846	20000	0	SENDER	COMPLETED	tra tien	2025-06-27 03:58:47.34766	2025-06-27 03:58:48.953789
de43413d-24c9-4bdc-8837-4c93c18e519e	INTERNAL_TRANSFER	\N	33ae0ebf-1054-46e1-872a-47cbaeb41ac6	5873110074759903	\N	fdce5ee8-2765-4580-8e19-78fcf19c8c0e	9704214212222	5000	0	SENDER	COMPLETED	hu	2025-06-27 04:02:30.953339	2025-06-27 04:02:30.95391
2d598ad6-cf2d-4183-bcf2-749a5aca1d28	INTERNAL_TRANSFER	\N	33ae0ebf-1054-46e1-872a-47cbaeb41ac6	5873110074759903	\N	fdce5ee8-2765-4580-8e19-78fcf19c8c0e	9704214212222	50	0	SENDER	COMPLETED	ok	2025-06-27 04:06:33.191205	2025-06-27 04:06:33.191731
dc4b1416-7448-4e2c-bbd4-aa7b9e1caf50	INTERNAL_TRANSFER	\N	33ae0ebf-1054-46e1-872a-47cbaeb41ac6	5873110074759903	\N	416b19a0-253b-4171-afd2-5f9dfd8362cd	9704390632656	50000	0	SENDER	COMPLETED	ok	2025-06-27 04:18:21.597161	2025-06-27 04:18:21.602147
ba7f27a0-14fc-4f5d-bdd8-4e4ec9469670	INTERNAL_TRANSFER	\N	416b19a0-253b-4171-afd2-5f9dfd8362cd	9704390632656	\N	bf888c04-ab19-46d2-8e8a-aacdeeeac42a	5873160242223846	20000	0	SENDER	COMPLETED	tra tien	2025-06-27 04:18:40.507248	2025-06-27 04:18:40.513787
44cfa3d7-eb33-4eb8-af6e-b293f7292009	INTERNAL_TRANSFER	\N	416b19a0-253b-4171-afd2-5f9dfd8362cd	9704390632656	\N	bf888c04-ab19-46d2-8e8a-aacdeeeac42a	5873160242223846	20000	0	SENDER	COMPLETED	tra tien	2025-06-27 04:21:07.10862	2025-06-27 04:21:07.114537
204c9643-684f-451a-893c-f786effc341c	INTERBANK_TRANSFER	79f642f1-5130-4e00-bc71-ae92d5417294	\N	123456	\N	fdce5ee8-2765-4580-8e19-78fcf19c8c0e	9704214212222	0.2	0	SENDER	COMPLETED	nhom 3	2025-06-27 06:44:44.010365	2025-06-27 06:44:44.010365
fd4378f0-e969-41d2-b508-3cd28a4b7716	INTERBANK_TRANSFER	\N	416b19a0-253b-4171-afd2-5f9dfd8362cd	9704390632656	a3447ac2-b51d-4c47-b178-06b2f1a77160	\N	1000000000003	0.1	0	SENDER	COMPLETED	nhom 3 to nhom 1 again 	2025-06-27 07:37:34.559873	2025-06-27 07:37:34.559873
353d4f52-6a1c-4e6c-9268-2a778d19a222	INTERBANK_TRANSFER	79f642f1-5130-4e00-bc71-ae92d5417294	\N	123456	\N	fdce5ee8-2765-4580-8e19-78fcf19c8c0e	9704214212222	0.2	0	SENDER	COMPLETED	nhom 3	2025-06-27 07:48:10.391961	2025-06-27 07:48:10.391961
6c94e65a-9a6b-48fd-a846-2f5a3c0bb149	DEPOSIT	\N	\N	\N	\N	1b18a28e-9913-41e6-8689-90decd0ace8d	5873169595999008	5000000	0	SENDER	COMPLETED	EMPLOYEE INTERNAL DEPOSIT	2025-06-27 08:28:07.672528	2025-06-27 08:28:07.69219
3ce1e828-997c-4eef-9aa7-0a8047d32bfa	INTERNAL_TRANSFER	\N	1b18a28e-9913-41e6-8689-90decd0ace8d	5873169595999008	\N	ebf3d7e7-0c55-46c0-a218-127497316923	5873119861538703	100000	0	SENDER	COMPLETED	tra tien	2025-06-27 08:43:34.217695	2025-06-27 08:43:34.224239
5409e403-0c86-4ced-b3b1-76e20c0ae5b3	INTERNAL_TRANSFER	\N	33ae0ebf-1054-46e1-872a-47cbaeb41ac6	5873110074759903	\N	416b19a0-253b-4171-afd2-5f9dfd8362cd	9704390632656	60000	0	SENDER	COMPLETED	hello	2025-06-26 17:03:08.750992	2025-06-26 17:03:08.75155
4b7e9b45-e97b-4e3e-b373-bcac78c7bfe0	INTERNAL_TRANSFER	\N	fdce5ee8-2765-4580-8e19-78fcf19c8c0e	9704214212222	\N	416b19a0-253b-4171-afd2-5f9dfd8362cd	9704390632656	500000	0	SENDER	COMPLETED	Thanks for lending me money	2025-06-26 17:09:31.576115	2025-06-26 17:09:31.576599
4cf76dc4-e993-4137-95da-dd2be422d445	INTERBANK_TRANSFER	a3447ac2-b51d-4c47-b178-06b2f1a77160	\N	ACC7A0C68BADB	\N	da608047-0df2-4af5-bc03-329cdcf46ea7	5873906278933357	10000	0	SENDER	COMPLETED	transfer	2025-06-25 12:38:02.108928	2025-06-25 12:38:02.108928
0a95069c-a774-4b4d-bd29-41b04a84a7c2	INTERNAL_TRANSFER	\N	fdce5ee8-2765-4580-8e19-78fcf19c8c0e	9704214212222	\N	416b19a0-253b-4171-afd2-5f9dfd8362cd	9704390632656	100000	0	SENDER	COMPLETED	Thanks for lending me money	2025-06-26 17:02:18.636326	2025-06-26 17:02:18.636883
1385626c-5d4a-45e4-9f3f-b758a9bb8ca8	INTERBANK_TRANSFER	\N	fdce5ee8-2765-4580-8e19-78fcf19c8c0e	9704214212222	a3447ac2-b51d-4c47-b178-06b2f1a77160	\N	1000000000003	30000	0	SENDER	PENDING	nhom 3 to nhom 1	2025-06-23 14:33:49.764888	2025-06-23 14:33:49.764888
8a583769-90b9-40eb-b2a9-aceadfe90621	INTERBANK_TRANSFER	\N	fdce5ee8-2765-4580-8e19-78fcf19c8c0e	9704214212222	a3447ac2-b51d-4c47-b178-06b2f1a77160	\N	1000000000003	10000	0	SENDER	PENDING	nhom 3 to nhom 1 	2025-06-23 12:06:44.402336	2025-06-23 12:06:44.402336
6f0848be-cc49-4296-989a-8a96ae7363b2	INTERNAL_TRANSFER	\N	fdce5ee8-2765-4580-8e19-78fcf19c8c0e	9704214212222	\N	416b19a0-253b-4171-afd2-5f9dfd8362cd	9704390632656	506000	0	SENDER	COMPLETED	Tra tien	2025-06-25 07:21:27.077662	2025-06-25 07:21:27.151816
c502a8ea-a7ac-4126-b8d8-ab965f1432fb	INTERNAL_TRANSFER	\N	fdce5ee8-2765-4580-8e19-78fcf19c8c0e	9704214212222	\N	416b19a0-253b-4171-afd2-5f9dfd8362cd	9704390632656	5067000	0	SENDER	COMPLETED	Tra tien	2025-06-25 07:22:03.491393	2025-06-25 07:22:03.565141
e68769b4-01df-43e6-a0c5-20b7ee753f22	INTERBANK_TRANSFER	79f642f1-5130-4e00-bc71-ae92d5417294	\N	123456	\N	fdce5ee8-2765-4580-8e19-78fcf19c8c0e	9704214212222	10000	0	SENDER	COMPLETED	nhom 3	2025-06-25 09:09:20.475216	2025-06-25 09:09:20.475216
\.


--
-- Data for Name: debt_reminders; Type: TABLE DATA; Schema: public; Owner: neondb_owner
--

COPY public.debt_reminders (debt_reminder_id, creator_id, debtor_id, amount, message, status, created_at, updated_at, cancelled_reason, transaction_id) FROM stdin;
940f56da-bed6-4f08-828e-d6126b18b704	777a845b-82de-4611-abc6-7ab71bb2497c	92edbffe-d9da-44e4-873b-43843306aed4	2000000	Tra no di	PENDING	2025-06-26 17:29:58.755422	2025-06-26 17:29:58.755422	\N	\N
636cd6f2-a65e-45b3-9743-ac48e9f380c6	777a845b-82de-4611-abc6-7ab71bb2497c	92edbffe-d9da-44e4-873b-43843306aed4	5000	yo	PENDING	2025-06-26 17:36:30.670447	2025-06-26 17:36:30.670447	\N	\N
4c0b9b70-b5a6-4fbd-87bd-390f90db329c	92edbffe-d9da-44e4-873b-43843306aed4	97b6bcaa-acbb-4820-83b9-4754bc73a98d	50000	pay	PENDING	2025-06-27 03:18:28.672618	2025-06-27 03:18:28.672618	\N	\N
5a6bdc83-4d9c-4062-be4f-ca4a6a57b89c	92edbffe-d9da-44e4-873b-43843306aed4	777a845b-82de-4611-abc6-7ab71bb2497c	50000	ok	PAID	2025-06-27 03:20:08.959247	2025-06-27 03:20:08.959247	\N	f6789047-bdcb-4dc1-bd3d-bdc41a937122
f626c454-9e18-47d2-879e-b89ab7cf1238	92edbffe-d9da-44e4-873b-43843306aed4	777a845b-82de-4611-abc6-7ab71bb2497c	50000	ok	PAID	2025-06-27 03:55:43.141913	2025-06-27 03:55:43.141913	\N	9a1e324e-bf0e-451c-85ee-1a479dc71e1f
d2133045-c2f6-4550-96a0-f191c89339d1	92edbffe-d9da-44e4-873b-43843306aed4	97b6bcaa-acbb-4820-83b9-4754bc73a98d	100000	Thanks for lending me money	PAID	2025-06-26 16:22:04.261343	2025-06-26 16:22:04.261344	\N	0a95069c-a774-4b4d-bd29-41b04a84a7c2
b5b79dd8-ff0e-4da8-bf3d-3a4392aa7655	92edbffe-d9da-44e4-873b-43843306aed4	777a845b-82de-4611-abc6-7ab71bb2497c	5000	Pay now!!!	PAID	2025-06-23 17:25:03.362846	2025-06-23 17:25:03.362846	\N	3c5d7b2e-cb67-409f-936e-246873b6cb62
ca1b8d49-ebe3-426c-adaf-130dde641fc6	92edbffe-d9da-44e4-873b-43843306aed4	777a845b-82de-4611-abc6-7ab71bb2497c	500	yooo, give my money back.	PAID	2025-06-23 17:05:48.488642	2025-06-23 17:05:48.488642	\N	5fe72d97-0270-4ef1-9c86-981f7ffa4004
826b0ba1-b42d-48a0-ba58-c866366dd68d	92edbffe-d9da-44e4-873b-43843306aed4	777a845b-82de-4611-abc6-7ab71bb2497c	50000	ok	PAID	2025-06-27 04:16:55.057836	2025-06-27 04:16:55.057837	\N	dc4b1416-7448-4e2c-bbd4-aa7b9e1caf50
42c1b6c0-2713-46f5-a4f4-83c741b15660	92edbffe-d9da-44e4-873b-43843306aed4	777a845b-82de-4611-abc6-7ab71bb2497c	5000	ok	PAID	2025-06-27 04:29:53.022533	2025-06-27 04:29:53.022534	\N	b16b8325-ae4c-4f81-943b-7c50ac58a2f9
29c7f7d3-49a9-4a9d-a6f9-6e91987ccc43	92edbffe-d9da-44e4-873b-43843306aed4	777a845b-82de-4611-abc6-7ab71bb2497c	50000	okayy	PAID	2025-06-27 04:32:19.731788	2025-06-27 04:32:19.731788	\N	edd3063c-9854-46fd-a207-9e45a92ba9fe
\.


--
-- Data for Name: notifications; Type: TABLE DATA; Schema: public; Owner: neondb_owner
--

COPY public.notifications (notification_id, user_id, title, content, created_at, read, version) FROM stdin;
1e5a8fdf-656c-4786-95d5-d7c8b22c7b77	777a845b-82de-4611-abc6-7ab71bb2497c	New Debt Reminder	Nguyễn Văn A has created a debt reminder for 50000.00 VND with message: tra no	2025-06-27 04:16:55.072547	t	0
06ffc11a-a314-4022-8b45-348c61da0b26	92edbffe-d9da-44e4-873b-43843306aed4	Transaction Alert	Your transaction of $10 was successful.	2025-06-22 12:58:24.068718	t	0
c5ddec8e-c6df-47bd-801d-fffa57c82689	e4d83490-9b85-4c3a-a543-65bfadedf6af	New Debt Reminder	Nguyễn Văn A has created a debt reminder for 10000.00 VND with message: Tra no di	2025-06-22 14:36:45.653227	f	0
44443b81-95fb-456d-8bbc-65128d632556	97b6bcaa-acbb-4820-83b9-4754bc73a98d	Debt Reminder Cancelled	Nguyễn Văn A has cancelled the debt reminder of 500.00 VND. Reason: string	2025-06-23 13:39:23.846229	f	0
651abeef-70ae-4545-bd0b-c989a8b8ee52	e3a46447-f2dd-4318-a789-813e0421ced0	New Debt Reminder	Nguyễn Văn A has created a debt reminder for 10000.00 VND with message: Tra no di	2025-06-23 13:56:22.488932	f	0
2d738ab5-b82b-429e-8544-ee2a5eba4c98	777a845b-82de-4611-abc6-7ab71bb2497c	New Debt Reminder	Nguyễn Văn A has created a debt reminder for 50000.00 VND with message: pay me	2025-06-27 04:32:19.738712	t	0
113b8a26-9076-4525-aa8b-f3ebcdafebea	92edbffe-d9da-44e4-873b-43843306aed4	Transaction Alert	Your transaction of $10 was successful.	2025-06-22 12:59:24.268142	t	0
fca2acda-2c0c-48b7-b567-ff09a9dd6504	92edbffe-d9da-44e4-873b-43843306aed4	Transaction Alert	Your transaction of $10 was successful.	2025-06-22 13:08:16.575695	t	0
590727d4-fadc-4acf-acc1-2839aa86210b	92edbffe-d9da-44e4-873b-43843306aed4	Transaction Alert	Your transaction of $10 was successful.	2025-06-22 13:09:34.119705	t	0
0d799653-151e-4605-9a46-7f311f011eb2	92edbffe-d9da-44e4-873b-43843306aed4	Transaction Alert	Your transaction of $10 was successful.	2025-06-22 13:13:41.75234	t	0
955ff386-de51-4dd3-a2b2-29ffa896d80a	92edbffe-d9da-44e4-873b-43843306aed4	Transaction Alert	Your transaction of $10 was successful.	2025-06-22 13:18:56.292973	t	0
cebe24b5-fec3-4af0-ad13-50e1f78c84d3	92edbffe-d9da-44e4-873b-43843306aed4	Transaction Alert	Your transaction of $10 was successful.	2025-06-22 13:21:14.218888	t	0
ad47d0f7-0316-4a04-8257-237e2d471416	92edbffe-d9da-44e4-873b-43843306aed4	Transaction Alert	Your transaction of $10 was successful.	2025-06-22 13:57:00.799387	t	0
9e71fa2e-19a1-41ae-bd9b-8a07431a765e	92edbffe-d9da-44e4-873b-43843306aed4	Debt Reminder Created	You have created a debt reminder for 10000.00 VND for Phạm Văn C	2025-06-22 14:36:45.737485	t	0
872f104b-b885-444a-8707-8746bfee7b31	92edbffe-d9da-44e4-873b-43843306aed4	Debt Reminder Cancelled	You have cancelled the debt reminder of 500.00 VND for Trần Thị B	2025-06-23 13:39:23.965384	t	0
90bba9d6-6494-4d88-86ca-2ff59c706da9	92edbffe-d9da-44e4-873b-43843306aed4	Debt Reminder Created	You have created a debt reminder for 10000.00 VND for Nguyễn Thiên An	2025-06-23 13:56:22.667585	t	0
08361926-ec49-45db-97c4-65c78b1d39bd	92edbffe-d9da-44e4-873b-43843306aed4	Debt Reminder Created	You have created a debt reminder for 500.00 VND for vinh kun	2025-06-23 17:05:48.805833	t	0
110eb5c4-1c29-405f-92ce-74e4d0b2830c	92edbffe-d9da-44e4-873b-43843306aed4	Debt Reminder Paid	vinh kun has paid the debt of 500.00 VND with message: yooo	2025-06-23 17:11:30.069371	t	0
c35f2923-d96f-40ef-815a-33f685fd9fb1	92edbffe-d9da-44e4-873b-43843306aed4	Debt Reminder Created	You have created a debt reminder for 5000.00 VND for vinh kun	2025-06-23 17:16:56.418325	t	0
1e9e59ad-256f-461f-a5ac-59c2b1bbf0af	92edbffe-d9da-44e4-873b-43843306aed4	Debt Reminder Paid	vinh kun has paid the debt of 5000.00 VND with message: i paid	2025-06-23 17:19:01.145121	t	0
14dbbf13-632b-442a-969f-67c50b382edd	92edbffe-d9da-44e4-873b-43843306aed4	Transaction Alert	Your transaction of $100 was successful.	2025-06-14 14:08:39.240696	t	0
3482870f-bbb3-4c18-bd90-c54e655812b5	92edbffe-d9da-44e4-873b-43843306aed4	Transaction Alert	Your transaction of $10 was successful.	2025-06-22 11:11:23.942248	t	0
8306ee5a-e512-4148-b8f8-0deb3b3338a7	92edbffe-d9da-44e4-873b-43843306aed4	Transaction Alert	Your transaction of $10 was successful.	2025-06-22 12:25:54.723741	t	0
bb21f613-f49f-4d65-8327-1b249afff2d4	777a845b-82de-4611-abc6-7ab71bb2497c	New Debt Reminder	Nguyễn Văn A has created a debt reminder for 500.00 VND with message: Tra no di	2025-06-23 17:05:48.625872	t	0
8402f06e-6f2c-42c0-b3d9-f35167606689	777a845b-82de-4611-abc6-7ab71bb2497c	Debt Payment Sent	You have paid the debt of 500.00 VND to Nguyễn Văn A	2025-06-23 17:11:30.073785	t	0
a6e04d11-82fa-4c98-94bf-5c849fb3aed5	777a845b-82de-4611-abc6-7ab71bb2497c	New Debt Reminder	Nguyễn Văn A has created a debt reminder for 5000.00 VND with message: Tra no di	2025-06-23 17:16:56.216357	t	0
7ba54b2a-0337-4c29-9548-60822e0be3bf	777a845b-82de-4611-abc6-7ab71bb2497c	Debt Payment Sent	You have paid the debt of 5000.00 VND to Nguyễn Văn A	2025-06-23 17:19:01.148372	t	0
819e7ff0-1869-4ed4-a773-c21db1ea3856	777a845b-82de-4611-abc6-7ab71bb2497c	New Debt Reminder	Nguyễn Văn A has created a debt reminder for 5000.00 VND with message: Tra no di	2025-06-23 17:25:03.593283	t	0
241c6910-21b6-405c-b63d-b678d66a5e11	777a845b-82de-4611-abc6-7ab71bb2497c	Debt Payment Sent	You have paid the debt of 5000.00 VND to Nguyễn Văn A	2025-06-23 17:26:29.169242	t	0
55f260f1-b95b-4f57-9642-c17b1f2a1476	92edbffe-d9da-44e4-873b-43843306aed4	Transaction Alert	Your transaction of $10 was successful.	2025-06-22 12:28:42.128544	t	0
713cc65a-bab6-4f45-a9fa-a94f92a925e6	92edbffe-d9da-44e4-873b-43843306aed4	Transaction Alert	Your transaction of $10 was successful.	2025-06-22 12:33:09.659605	t	0
2f07ff1d-09bc-4518-9428-891ea15aca12	92edbffe-d9da-44e4-873b-43843306aed4	Transaction Alert	Your transaction of $10 was successful.	2025-06-22 12:37:13.882015	t	0
51f2ab44-a076-423d-b907-a9d1ba13415a	92edbffe-d9da-44e4-873b-43843306aed4	Transaction Alert	Your transaction of $10 was successful.	2025-06-22 12:53:19.112101	t	0
295d0093-f29f-43c5-adea-cd9ad5ef9cb6	92edbffe-d9da-44e4-873b-43843306aed4	Debt Reminder Created	You have created a debt reminder for 5000.00 VND for vinh kun	2025-06-23 17:25:03.834916	t	0
388f24f3-e6c5-4608-ae5a-e956fbc6ad53	92edbffe-d9da-44e4-873b-43843306aed4	Debt Reminder Paid	vinh kun has paid the debt of 5000.00 VND with message: i paid	2025-06-23 17:26:29.164936	t	0
2499de47-af99-4896-ad8c-9cd0e3f50e39	92edbffe-d9da-44e4-873b-43843306aed4	Debt Reminder Created	You have created a debt reminder for 100000.00 VND for vinh kun	2025-06-24 13:21:16.426549	t	0
386cfb6d-eb56-4a98-b851-0fbe8750b2ef	92edbffe-d9da-44e4-873b-43843306aed4	Debt Reminder Created	You have created a debt reminder for 50000.00 VND for vinh kun	2025-06-24 13:24:45.522137	t	0
12eeb816-7ec1-4959-82f3-aa6ababb75c9	92edbffe-d9da-44e4-873b-43843306aed4	Debt Reminder Cancelled	You have cancelled the debt reminder of 50000.00 VND for vinh kun	2025-06-25 11:53:22.36961	t	0
792eb2af-3b09-42b6-b521-69658c64aab5	92edbffe-d9da-44e4-873b-43843306aed4	Debt Reminder Paid	Nguyen Jason has paid the debt of 50000.00 VND with message: ok	2025-06-27 04:18:21.605187	f	0
8ac2bfc9-9d31-4ff4-a7e1-f5db75816e96	97b6bcaa-acbb-4820-83b9-4754bc73a98d	New Debt Reminder	Nguyễn Văn A has created a debt reminder for 100000.00 VND with message: Pay me quickly	2025-06-26 16:13:07.753881	f	0
290ffd41-94d1-4307-8437-f8cdc81a3929	97b6bcaa-acbb-4820-83b9-4754bc73a98d	New Debt Reminder	Nguyễn Văn A has created a debt reminder for 100000.00 VND with message: Pay me quickly	2025-06-26 16:22:04.274308	f	0
b1b21a6c-da99-4092-bcfc-b4ee340d5db3	97b6bcaa-acbb-4820-83b9-4754bc73a98d	New Debt Reminder	Nguyễn Văn A has created a debt reminder for 500000.00 VND with message: Pay me quickly	2025-06-26 17:06:32.425702	f	0
f86b0a2c-a1c5-42b9-8cbc-32edbb4189cf	92edbffe-d9da-44e4-873b-43843306aed4	Debt Reminder Paid	Nguyen Jason has paid the debt of 50000.00 VND with message: okayy	2025-06-27 04:32:46.88627	t	0
0130648b-6ad7-4986-b70c-63cbe608ddb4	92edbffe-d9da-44e4-873b-43843306aed4	Debt Reminder Cancelled	You have cancelled the debt reminder of 100000.00 VND for vinh kun	2025-06-26 13:43:18.890723	t	0
7c88371a-c523-46d9-a46b-8c743a0a1811	92edbffe-d9da-44e4-873b-43843306aed4	Debt Reminder Paid	Trần Thị B has paid the debt of 100000.00 VND with message: Thanks for lending me money	2025-06-26 17:00:46.416806	t	0
e9249e13-5cf5-4705-934a-3a3b942e3ee4	92edbffe-d9da-44e4-873b-43843306aed4	Debt Reminder Paid	Trần Thị B has paid the debt of 100000.00 VND with message: Thanks for lending me money	2025-06-26 17:02:18.716441	t	0
09cab110-c8d8-4051-a1a7-aa89ea65824d	92edbffe-d9da-44e4-873b-43843306aed4	Debt Reminder Paid	vinh kun has paid the debt of 60000.00 VND with message: hello	2025-06-26 17:03:08.755381	t	0
2a3e3f26-5e88-4995-a2c6-3db8d291d589	92edbffe-d9da-44e4-873b-43843306aed4	New Debt Reminder	Nguyen Jason has created a debt reminder for 2000000.00 VND with message: Tra no di	2025-06-26 17:29:58.7632	t	0
b6fc5f2d-329a-4c0f-b28f-d8a7c86bb08d	92edbffe-d9da-44e4-873b-43843306aed4	New Debt Reminder	Nguyen Jason has created a debt reminder for 5000.00 VND with message: yo	2025-06-26 17:36:30.678585	t	0
351e7af5-b912-4bb8-887d-d2119ee9440f	92edbffe-d9da-44e4-873b-43843306aed4	New Debt Reminder	Nguyen Jason has created a debt reminder for 500000.00 VND with message: TRA LAI DAY	2025-06-26 17:25:24.400407	t	0
265a5b21-3fb5-4bcf-a8cc-50b42a5767cb	777a845b-82de-4611-abc6-7ab71bb2497c	New Debt Reminder	Nguyễn Văn A has created a debt reminder for 100000.00 VND with message: Pay me quickly	2025-06-24 13:21:16.333597	t	0
2564dec3-0285-4533-9719-8c5a60cf212d	777a845b-82de-4611-abc6-7ab71bb2497c	New Debt Reminder	Nguyễn Văn A has created a debt reminder for 50000.00 VND with message: hh	2025-06-24 13:24:45.46617	t	0
86e2e045-0529-4685-9b9b-12512e6c2eb5	777a845b-82de-4611-abc6-7ab71bb2497c	Debt Reminder Cancelled	Nguyễn Văn A has cancelled the debt reminder of 50000.00 VND. Reason: rich	2025-06-25 11:53:22.26687	t	0
5b1422a5-0d41-4d15-9d86-5e0eda47c72f	777a845b-82de-4611-abc6-7ab71bb2497c	Debt Reminder Cancelled	Nguyễn Văn A has cancelled the debt reminder of 100000.00 VND. Reason: nope	2025-06-26 13:43:18.858313	t	0
529638fa-4954-4219-bf93-3c96e904bc0e	777a845b-82de-4611-abc6-7ab71bb2497c	New Debt Reminder	Nguyễn Văn A has created a debt reminder for 500.00 VND with message: nexxx	2025-06-26 13:52:36.657001	t	0
a430032e-3248-48b6-a91c-28703d3c0e77	97b6bcaa-acbb-4820-83b9-4754bc73a98d	New Debt Reminder	Nguyễn Văn A has created a debt reminder for 50000.00 VND with message: pay	2025-06-27 03:18:28.686205	f	0
f0921dde-f241-4b2f-8715-4ab44a562348	777a845b-82de-4611-abc6-7ab71bb2497c	New Debt Reminder	Nguyễn Văn A has created a debt reminder for 5000.00 VND with message: pay	2025-06-27 04:29:53.038799	t	0
2f5fd7d8-ab9e-4e23-aec6-6438e67ee2fe	97b6bcaa-acbb-4820-83b9-4754bc73a98d	New Debt Reminder	Nguyễn Văn A has created a debt reminder for 50000.00 VND with message: pay	2025-06-27 03:52:14.649204	f	0
1a56e28e-5d29-4d2d-8765-e54127e5b74d	92edbffe-d9da-44e4-873b-43843306aed4	Debt Reminder Paid	Nguyen Jason has paid the debt of 5000.00 VND with message: ok	2025-06-27 04:30:29.365949	f	0
de67b23e-ca73-4808-a864-a0de7f41c06b	97b6bcaa-acbb-4820-83b9-4754bc73a98d	Debt Reminder Paid	Nguyen Jason has paid the debt of 5000.00 VND with message: hu	2025-06-27 04:02:30.956141	f	0
3ae2d83a-9fbe-4827-ada2-74d3e583bb08	97b6bcaa-acbb-4820-83b9-4754bc73a98d	Debt Reminder Paid	Nguyen Jason has paid the debt of 50.00 VND with message: ok	2025-06-27 04:06:33.194323	f	0
bf650397-7a63-46c1-9853-12406a78d3a5	92edbffe-d9da-44e4-873b-43843306aed4	Debt Reminder Paid	Trần Thị B has paid the debt of 500000.00 VND with message: Thanks for lending me money	2025-06-26 17:09:31.580373	t	0
e58a51e7-cdb4-452a-b569-55f2b741801b	92edbffe-d9da-44e4-873b-43843306aed4	New Debt Reminder	Nguyen Jason has created a debt reminder for 50000.00 VND with message: pay me	2025-06-27 03:15:41.126668	t	0
5a30b7af-793c-42e5-8c24-3d1f72c8807d	92edbffe-d9da-44e4-873b-43843306aed4	Debt Reminder Paid	Nguyen Jason has paid the debt of 50000.00 VND with message: ok	2025-06-27 03:21:08.448769	t	0
a55dde1e-c05b-4e97-bf6a-9aba432a319c	92edbffe-d9da-44e4-873b-43843306aed4	Debt Reminder Paid	Nguyen Jason has paid the debt of 50000.00 VND with message: ok	2025-06-27 03:53:47.932296	t	0
b821ff60-ede4-4944-9545-587c9b970b01	92edbffe-d9da-44e4-873b-43843306aed4	Debt Reminder Paid	Nguyen Jason has paid the debt of 50000.00 VND with message: ok	2025-06-27 03:56:14.063399	t	0
9bee8c9d-2c7a-45c5-b8c9-c503153411ed	92edbffe-d9da-44e4-873b-43843306aed4	New Debt Reminder	Nguyen Jason has created a debt reminder for 5.00 VND with message: h	2025-06-27 03:59:25.803744	t	0
f0f3a39e-5e6e-4227-bfeb-4debb017e34b	777a845b-82de-4611-abc6-7ab71bb2497c	Debt Reminder Cancelled	Nguyễn Văn A has cancelled the debt reminder of 500.00 VND. Reason: m	2025-06-26 14:25:11.550847	t	0
d6e6ae40-6332-4913-9855-3bce0dec21fc	777a845b-82de-4611-abc6-7ab71bb2497c	New Debt Reminder	Nguyễn Văn A has created a debt reminder for 60000.00 VND with message: debt new	2025-06-26 13:51:16.869718	t	0
f486d740-85f8-41fa-8d63-2d57089d84da	777a845b-82de-4611-abc6-7ab71bb2497c	New Debt Reminder	Nguyễn Văn A has created a debt reminder for 50000.00 VND with message: pay	2025-06-27 03:20:08.975938	t	0
b8366675-f586-47e8-a091-a3a5aac8e227	777a845b-82de-4611-abc6-7ab71bb2497c	New Debt Reminder	Nguyễn Văn A has created a debt reminder for 50000.00 VND with message: pay	2025-06-27 03:53:16.529255	t	0
ffa6756f-fa63-4ca0-b1d8-d5d53b33fa1f	777a845b-82de-4611-abc6-7ab71bb2497c	New Debt Reminder	Nguyễn Văn A has created a debt reminder for 50000.00 VND with message: tra	2025-06-27 03:55:43.149791	t	0
25597601-1850-4729-8f5f-18508218aac3	777a845b-82de-4611-abc6-7ab71bb2497c	New Debt Reminder	Trần Thị B has created a debt reminder for 5000.00 VND with message: hu	2025-06-27 04:01:46.448097	t	0
206b2987-40e3-422a-822e-e2ab928e0c66	777a845b-82de-4611-abc6-7ab71bb2497c	New Debt Reminder	Trần Thị B has created a debt reminder for 50.00 VND with message: hu	2025-06-27 04:06:02.62076	t	0
224fa601-a433-4c9e-9511-cc3a89c28513	777a845b-82de-4611-abc6-7ab71bb2497c	New Debt Reminder	Nguyễn Văn A has created a debt reminder for 650.00 VND with message: ok	2025-06-27 04:08:09.314737	t	0
03d46337-f866-44ae-89d7-0689c9ba077d	777a845b-82de-4611-abc6-7ab71bb2497c	New Debt Reminder	Nguyễn Văn A has created a debt reminder for 50000.00 VND with message: hu	2025-06-27 04:09:49.059483	t	0
0f7300ba-7c21-4a40-9355-ebe8367ee513	777a845b-82de-4611-abc6-7ab71bb2497c	New Debt Reminder	Nguyễn Văn A has created a debt reminder for 50000.00 VND with message: pay	2025-06-27 04:11:53.92657	t	0
\.


--
-- Data for Name: recipients; Type: TABLE DATA; Schema: public; Owner: neondb_owner
--

COPY public.recipients (recipient_id, user_id, recipient_account_number, recipient_name, bank_id, created_at, updated_at, nick_name) FROM stdin;
70207627-040a-4b88-ab48-9176b9c20fe8	92edbffe-d9da-44e4-873b-43843306aed4	5873110074759903	Nguyễn Văn A	\N	2025-06-27 05:49:41.623669	2025-06-27 05:49:41.623669	Nguyen Jason
f1e975ed-b24e-4b81-a905-2da9d4347867	92edbffe-d9da-44e4-873b-43843306aed4	9704097295772	Nguyễn Văn A	\N	2025-06-27 05:52:52.382394	2025-06-27 05:52:52.382394	Phạm Văn Cung
7385f513-9436-4616-82bf-7b6e63119414	92edbffe-d9da-44e4-873b-43843306aed4	9704942820407	Nguyễn Văn A	\N	2025-06-27 06:44:29.898172	2025-06-27 06:44:29.898172	Dung Mama
9635d9ae-8503-40e0-8c7c-36583cfd8b7f	e2e57870-6c37-488b-8de6-028cf575e53b	5873160242223846	Nguyễn Thiên An	\N	2025-06-27 08:43:00.071137	2025-06-27 08:43:00.071137	Nguyễn Thiên An
44bf049b-c4c6-4c1d-9493-84db88e32e68	e2e57870-6c37-488b-8de6-028cf575e53b	5873119861538703	Nguyễn Thiên An	\N	2025-06-27 08:43:13.211202	2025-06-27 08:43:13.211202	Angle Antony
\.


--
-- Data for Name: refresh_tokens; Type: TABLE DATA; Schema: public; Owner: neondb_owner
--

COPY public.refresh_tokens (refresh_token_id, user_id, created_at, expires_at) FROM stdin;
cd18214c-35a5-49cf-82be-aeb188afcdaf	92edbffe-d9da-44e4-873b-43843306aed4	2025-06-27 08:15:24.749407	2025-07-27 08:15:24.749407
5c3d531b-0575-4862-b2b3-ace62939b7b0	46ce13c4-8943-4486-a52d-189ee9f6b347	2025-06-21 16:43:57.919976	2025-07-21 16:43:57.919979
3b328770-439c-4ac3-b78e-205d02936968	e3a46447-f2dd-4318-a789-813e0421ced0	2025-06-12 04:45:07.558487	2025-07-12 04:45:07.558487
7ec8c825-99ab-4d7b-a8d6-b041ccd39427	e640fb04-3874-461c-a591-6d3e55582970	2025-06-22 07:01:59.020371	2025-07-22 07:01:59.020371
533a66fa-84e3-4995-ac90-ce08aeb10c32	d332b78b-dea2-4bd6-a7d1-242988600ea8	2025-06-25 04:12:52.786253	2025-07-25 04:12:52.786253
56fa6e3c-4f54-47c6-95f6-d08655b497d8	1ac4c0f5-f2b3-47fc-8113-2db7197beb90	2025-06-25 07:05:22.240147	2025-07-25 07:05:22.240147
56084fc8-e3ac-4657-bc1f-9ff27bd4f807	8cfe7ee3-818e-4056-b553-feefa9c09a2e	2025-06-26 00:45:56.956547	2025-07-26 00:45:56.956548
a53f623e-92e2-4c5c-b82a-6f6be4d2e238	992a9b3a-6e26-468d-b682-5a5b29fadc2b	2025-06-26 12:13:17.770771	2025-07-26 12:13:17.770772
07a25eef-9a37-409a-b61d-2931d24ffd19	777a845b-82de-4611-abc6-7ab71bb2497c	2025-06-27 07:07:19.252618	2025-07-27 07:07:19.252619
e34f9c35-c34a-4a75-8c31-33a880ff21b9	b0745dbb-8287-4b3d-9afb-ca0de61ab24c	2025-06-27 07:39:30.948391	2025-07-27 07:39:30.948394
3cbe30d8-7b30-42d9-b846-d6c5f6ee6f5a	e4d83490-9b85-4c3a-a543-65bfadedf6af	2025-06-27 08:27:38.045944	2025-07-27 08:27:38.045944
025c6085-879a-4263-a3c9-0a29bc0e1591	97b6bcaa-acbb-4820-83b9-4754bc73a98d	2025-06-27 06:55:11.980205	2025-07-27 06:55:11.980205
a88be1da-c4c8-4e04-a730-77997df0c2d6	e2e57870-6c37-488b-8de6-028cf575e53b	2025-06-27 08:42:48.141831	2025-07-27 08:42:48.141831
\.


--
-- PostgreSQL database dump complete
--

